temperature,modification,site,abundance
0.33477576,1,a,18
0.95243299,1,a,244
0.69695788,1,a,91
0.74767863,1,b,121
0.18343303,1,b,15
0.58258472,1,b,67
0.51131205,2,c,118
0.96539435,2,c,862
0.44205297,2,c,98
0.71647069,2,d,331
0.27455116,2,d,48
0.31069592,2,d,68
0.5341597,3,e,452
0.4729186,3,e,371
0.19852921,3,e,125
0.08954998,3,f,97
0.46928952,3,f,465
0.67047484,3,f,1020
