River_name,pH
A,8.968143
A,9.11974
A,9.413058
A,8.665746
A,9.937042
A,8.280083
A,7.864158
A,7.509577
A,9.181173
A,7.676255
B,6.670441
B,5.828061
B,6.840394
B,6.860779
B,5.892154
B,7.422487
B,6.563322
B,5.993992
B,5.326895
B,6.687078
